Epoch,Replicate Ratio
0,0.010813733441470668
10,0.014057853473911868
